{"train/loss": 38.88926315307617, "_timestamp": 1727025733.1845493, "_runtime": 253.57243132591248, "_step": 2799, "_wandb": {"runtime": 253}}