{"train/loss": NaN, "_timestamp": 1727607999.3482118, "_runtime": 51.26810884475708, "_step": 67, "_wandb": {"runtime": 53}}