{"train/loss": 1.9834673404693604, "_timestamp": 1727032434.3188145, "_runtime": 545.5506036281586, "_step": 181, "_wandb": {"runtime": 547}}