{"train/loss": NaN, "_timestamp": 1727635563.252653, "_runtime": 145.81789994239807, "_step": 2879, "_wandb": {"runtime": 151}}