{"train/loss": 64539672576.0, "_timestamp": 1727608231.6548958, "_runtime": 172.91338086128235, "_step": 427, "_wandb": {"runtime": 180}}