{"train/loss": 1300.269775390625, "_timestamp": 1727608876.6974587, "_runtime": 613.5032107830048, "_step": 2799, "_wandb": {"runtime": 613}}