{"train/loss": 41550.484375, "_timestamp": 1727618020.8622572, "_runtime": 1523.9511501789093, "_step": 6999, "_wandb": {"runtime": 1523}}