{"train/loss": 2.2531960010528564, "_timestamp": 1727530723.275138, "_runtime": 2828.863538980484, "_step": 5619, "_wandb": {"runtime": 2828}}