{"train/loss": 0.7282406091690063, "_timestamp": 1727035595.3400393, "_runtime": 1485.8782181739807, "_step": 2799, "_wandb": {"runtime": 1487}}