{"train/loss": 1.0306313037872314, "_timestamp": 1727026490.3757873, "_runtime": 227.07830834388733, "_step": 2799, "_wandb": {"runtime": 226}}