{"train/loss": 24891.17578125, "_timestamp": 1727611240.7034574, "_runtime": 629.6720173358917, "_step": 2799, "_wandb": {"runtime": 629}}