{"train/loss": 1.0763922929763794, "_timestamp": 1727022322.2167444, "_runtime": 665.8506574630737, "_step": 699, "_wandb": {"runtime": 665}}