{"train/loss": 35049.48046875, "_timestamp": 1727616252.7594821, "_runtime": 1572.9012260437012, "_step": 6999, "_wandb": {"runtime": 1572}}