{"train/loss": 3934.554931640625, "_timestamp": 1727613422.7788827, "_runtime": 240.87856578826904, "_step": 753, "_wandb": {"runtime": 251}}