{"train/loss": 15845.208984375, "_timestamp": 1727609928.2870848, "_runtime": 29.10863471031189, "_step": 77, "_wandb": {"runtime": 31}}