{"train/loss": 43.36613464355469, "_timestamp": 1727024994.5202773, "_runtime": 55.77768635749817, "_step": 699, "_wandb": {"runtime": 55}}