{"train/loss": 3.219296932220459, "_timestamp": 1727034047.5049937, "_runtime": 235.52926063537598, "_step": 2799, "_wandb": {"runtime": 235}}