{"train/loss": 20.735048294067383, "_timestamp": 1727033122.7644558, "_runtime": 367.48531675338745, "_step": 2799, "_wandb": {"runtime": 367}}