{"train/loss": 140.72523498535156, "_timestamp": 1727535745.1735408, "_runtime": 1616.9989898204803, "_step": 5619, "_wandb": {"runtime": 1616}}