{"train/loss": 1.2374308109283447, "_timestamp": 1727026241.617044, "_runtime": 315.9027919769287, "_step": 2799, "_wandb": {"runtime": 315}}