{"train/loss": 1343.337158203125, "_timestamp": 1727634943.651765, "_runtime": 3086.8033921718597, "_step": 244, "_wandb": {"runtime": 3113}}