{"train/loss": 6257.58740234375, "_timestamp": 1727613709.762634, "_runtime": 251.60165095329285, "_step": 1007, "_wandb": {"runtime": 265}}