{"train/loss": 0.855513870716095, "_timestamp": 1727636209.2757187, "_runtime": 138.09389472007751, "_step": 285, "_wandb": {"runtime": 145}}