{"train/loss": 4.986143112182617, "_timestamp": 1727631804.667242, "_runtime": 95.09207201004028, "_step": 1, "_wandb": {"runtime": 123}}