{"train/loss": 5.867009162902832, "_timestamp": 1727533262.8730052, "_runtime": 1596.1397721767426, "_step": 5619, "_wandb": {"runtime": 1595}}