{"train/loss": 17041180672.0, "_timestamp": 1727612441.6615465, "_runtime": 1143.8159964084625, "_step": 2799, "_wandb": {"runtime": 1143}}