{"train/loss": 0.7293310165405273, "_timestamp": 1727033751.722633, "_runtime": 360.45678782463074, "_step": 2799, "_wandb": {"runtime": 359}}