{"train/loss": 0.7836403846740723, "_timestamp": 1727636045.5433311, "_runtime": 345.98944211006165, "_step": 831, "_wandb": {"runtime": 359}}