{"train/loss": 613144.75, "_timestamp": 1727614655.8526032, "_runtime": 162.76189708709717, "_step": 633, "_wandb": {"runtime": 172}}