{"train/loss": 2.068793296813965, "_timestamp": 1727021592.7029412, "_runtime": 180.75356817245483, "_step": 159, "_wandb": {"runtime": 181}}