{"train/loss": 198.4778289794922, "_timestamp": 1727619504.4092765, "_runtime": 955.8570294380188, "_step": 2373, "_wandb": {"runtime": 984}}