{"train/loss": 1.0280332565307617, "_timestamp": 1727024078.97121, "_runtime": 596.0758719444275, "_step": 699, "_wandb": {"runtime": 595}}