{"train/loss": 0.6684302091598511, "_timestamp": 1727635677.6040468, "_runtime": 87.79965686798096, "_step": 167, "_wandb": {"runtime": 91}}