{"train/loss": 0.476662814617157, "_timestamp": 1727641610.8524702, "_runtime": 2696.654917240143, "_step": 6999, "_wandb": {"runtime": 2696}}