{"train/loss": 0.6097061634063721, "_timestamp": 1727638862.1942592, "_runtime": 508.1638832092285, "_step": 1249, "_wandb": {"runtime": 526}}