{"train/loss": 28540.96484375, "_timestamp": 1727618421.8358462, "_runtime": 284.8428511619568, "_step": 696, "_wandb": {"runtime": 295}}