{"train/loss": 98444512.0, "_timestamp": 1727612555.2459915, "_runtime": 64.64134454727173, "_step": 148, "_wandb": {"runtime": 67}}