{"train/loss": 0.5373286008834839, "_timestamp": 1727638288.739605, "_runtime": 2052.57391500473, "_step": 5105}