{"train/loss": 13.897753715515137, "_timestamp": 1727531566.657655, "_runtime": 785.3335449695587, "_step": 5619, "_wandb": {"runtime": 785}}