{"train/loss": 44.26954650878906, "_timestamp": 1727025396.9680662, "_runtime": 321.94998812675476, "_step": 2799, "_wandb": {"runtime": 321}}