{"train/loss": 2.551305055618286, "_timestamp": 1727631491.051987, "_runtime": 247.39696884155273, "_step": 84, "_wandb": {"runtime": 252}}