{"train/loss": 1135.7939453125, "_timestamp": 1727614372.2931025, "_runtime": 614.8238775730133, "_step": 2799, "_wandb": {"runtime": 614}}